电台ID,电台名称,电台描述,封面图,所属省份,所属城市,所属分类,直播流ID,更新时间
266,上海交通广播电台,上海交通广播（FM105.7、AM648）成立于1991年9月30日，是中国第一家交通广播，也是上海市政府命名的上海应急广播，覆盖人群超过1亿。频率通过节目、活动和新媒体相互联动，为受众提供“有用，有心，有趣”的贴身服务。,http://pic.qtfm.cn/sso/48/1641437453117_JxQnTn1vv.jpeg,上海,上海市,交通台,,2026/7/6 15:00
267,上海经典947,中国内地唯一一套专业经典音乐广播频率，节目内容以古典音乐为主，日播出量为19个小时，中国和欧美老歌、轻音乐、跨界音乐各占相当比例。,http://pic.qtfm.cn/sso/48/1641437907698_k0NNOUP54.jpeg,上海,上海市,音乐台,,2026/7/6 15:00
269,上海戏曲广播,上海电台戏剧曲艺广播有着悠久传统，一向执着于弘扬戏曲艺术。戏剧曲艺广播力足戏曲欣赏，保留了一大批有着二十多年、甚至五十多年历史的老品牌。,http://pic.qtfm.cn/sso/48/1641437758835_67As1roa7.jpeg,上海,上海市,曲艺台,,2026/7/6 15:00
270,上海新闻广播,上海人民广播电台，中国最具实力的新闻广播频率之一，“影响中国十大广播电台”，以全球视野、表达上海观点。新闻热线021—62706270。,http://pic.qtfm.cn/2015/0202/20150202170847551.jpg,上海,上海市,资讯台,,2026/7/6 15:00
273,上海流行音乐LoveRadio,LOVE RADIO 103.7FM是上海SMG旗下的广播流行音乐频率，努力倡导优质音乐慢生活，更关注都市人的生活需要和内心满足 ，并激发都市人的音乐热情，同时也是上海最早的音乐电台！,http://pic.qtfm.cn/2014/0909/20140909125130474.jpg,上海,上海市,音乐台,,2026/7/6 15:00
274,上海动感101,“动感101”(FM101.7)，每天20小时播放最新、最精彩的流行音乐，《东方风云榜》新歌推荐，更是为目标受众群打造贴身服务。,http://pic.qtfm.cn/2014/0909/20140909123511693.jpg,上海,上海市,音乐台,,2026/7/6 15:00
275,长三角之声,长三角之声，是习总书记在首届进博会上，将长三角一体化上升为国家战略后，上海认真贯彻和积极践行的“结果”。这个频率将紧紧围绕长三角区域的发展、创新、文化、生活等内容，以“直播、现场、交互”为关键词，将视野投向火热的长三角地区和生活在长三角的人。既注重国际视野、又强调弘扬中国传统文化，彰显人文情怀，努力为听众呈现了一个更为立体化的中国长三角。,http://pic.qtfm.cn/sso/198/1606449636209_K8-0Zavn2.png,上海,上海市,资讯台,,2026/7/6 15:00
276,第一财经广播,第一财经广播是全国最具影响力的专业财经特色广播频率，主要有财经资讯、金融证券、经济生活服务等三大类节目，全天播出16小时。,http://pic.qtfm.cn/sso/48/1641438475219_mv9SoJP78.jpeg,上海,上海市,经济台,,2026/7/6 15:00
332,北京音乐广播,北京音乐广播（调频97.4兆赫、有线调频94.6兆赫）是北京人民广播电台所属十个专业广播之一，是北京上空收听率最高的综合音乐电台。,http://pic.qtfm.cn/2017/0424/20170424025444.jpeg,北京,北京市,音乐台,,2026/7/6 15:00
333,北京文艺广播,"娱乐调频87.6北京文艺广播创建于1994年4月1日，是北京人民广播电台八个专业系列台之一。 北京文艺广播作为北京最具广泛影响力与传播力的强势媒体之一，在广播总体人群中,市场占有率位居北京广播市场第二位；居家人群中，市场占有率排名首位。广泛的听众群和较高的听众忠实度，使文艺广播的综合实力位居北京广播市场前列。",http://pic.qtfm.cn/sso/198/1631520087008_cMpTFBNNx.jpeg,北京,北京市,文艺台,,2026/7/6 15:00
335,北京体育广播,体育广播对外呼号：北京人民广播电台体育广播。使用频率FM102.5、AM927、CABLE FM92.7。每日播音19小时（每日05：55开始播音，次日1：00播音结束；每周四15：00－16：00、周二0:00－1:00停播检修）。,http://pic.qtfm.cn/sso/198/1631520307064_Vedy5KORW.jpeg,北京,北京市,体育台,,2026/7/6 15:00
336,北京交通广播,      交通台全天节目由以下内容构成：新闻、服务信息、知识性、服务性、娱乐性专题。新闻节目立足北京，通过新闻网络，全方位关注世界范围内的与交通相关的动态。整点、半点、播报路况信息，重要信息随时插播，整点报告天气情况。专题节目为听众介绍衣食住行方面的知识，提供娱乐信息。,http://pic.qtfm.cn/2019/0227/20190227023249.png,北京,北京市,交通台,,2026/7/6 15:00
339,北京新闻广播,北京新闻广播是以新闻为特色的专业广播频率，也是北京人民广播电台的主体频率，拥有北京电台最庞大的新闻采编播专业团队，通过调频94.5兆赫、中波828千赫全天24小时播出。2019年，北京新闻广播推出《假日节拍》、《乐享下午茶》、《周末赛场》、《北京的声音》等一系列新节目，致力于打造具有都市风格、时尚气息、鲜明个性、融媒体特色的新闻+脱口秀广播频率。,http://pic.qtfm.cn/2015/0514/2015051417385422.jpg,北京,北京市,资讯台,,2026/7/6 15:00
345,北京城市广播,北京城市管理广播是全国第一家以城市管理和服务为主要内容的广播电台，以北京广大市民以及从事城市管理的工作人员为目标听众和服务对象，在市政府各职能部门的支持下，以亲民、便民的节目风格，发布城市管理的信息、解读相关政策，为市民解释疑惑。,http://pic.qtfm.cn/2015/0313/20150313190104234.jpg,北京,北京市,都市台,,2026/7/6 15:00
468,广东南方生活广播,南方生活广播是广东广播电视台频率之一，作为华南地区唯一一家以“传播岭南文化、倡导健康生活”为定位，以中老年群体为目标受众的省级电台。,http://pic.qtfm.cn/2021/0519/20210519030711.jpeg,广东,,生活台,,2026/7/6 15:00
469,广东城市之声,广东广播电视台城市之声的节目以丰富多样性和都市色彩为特征，每天24小时不停放送，力求多角度、多层面地为广大听众提供高品位的节目欣赏。,http://pic.qtfm.cn/2020/0402/20200402042931.png,广东,广州市,综合台,,2026/7/6 15:00
470,广东广播电视台珠江之声,中国首家跨境广播 珠江之声面向粤港澳三地，定位“声动大湾区”，宣传党和国家大政方针，展示粤港澳大湾区建设发展成就，为广大群众提供丰富优质的信息资讯服务。,http://pic.qtfm.cn/2022/0729/20220729092142.jpeg,广东,深圳市,音乐台,,2026/7/6 15:00
471,广东广播电视台文体广播,广东文体广播，完美地将文化娱乐与体育相结合，是华南第一家都会型具有鲜明文化、体育特色的专业电台，为听众提供最新、最快的文化、体育、生活、娱乐、音乐等信息。虽然作为广播的一支新生力量，但却拥有一支团结、新锐、战斗旺盛的团队。,http://pic.qtfm.cn/sso/198/1567411393720_vdCUW70Lt.jpeg,广东,广州市,体育台,,2026/7/6 15:00
647,重庆音乐广播,重庆收听率第一的音乐电台 ~~ 就是喜欢听 风尚881！,http://pic.qtfm.cn/2022/1130/20221130104320.jpeg,重庆,重庆市,音乐台,,2026/7/6 15:00
837,哈尔滨经济广播,哈尔滨经济广播电台成立于1992年，AM972和FM88.9双频发射，有效覆盖人口达1000万以上。以关注百姓民生，服务百姓生活为出发点，突出财经专业服务特色，是黑龙江省唯一的专业经济广播电台，参与电话：0451—87997399！,http://pic.qtfm.cn/2019/0306/20190306114349.png,黑龙江,哈尔滨市,经济台,dd5261fd2796989e56842c81cae08280,2026/7/6 15:00
838,哈尔滨交通广播,这里是哈尔滨交通台，热线电话：82119002   87997337 ,http://pic.qtfm.cn/2018/0103/20180103014457.jpeg,黑龙江,哈尔滨市,交通台,,2026/7/6 15:00
839,哈尔滨音乐广播,这里是哈尔滨音乐广播,http://pic.qtfm.cn/2015/1210/20151210172937967.jpg,黑龙江,哈尔滨市,音乐台,,2026/7/6 15:00
1084,大连1067,,http://pic.qtfm.cn/2024/0905/20240905042419.jpeg,辽宁,大连市,音乐台,,2026/7/6 15:00
1085,大连体育广播,"运动无限，悦享人生！FM1057,大连广播电视台体育广播，东北地区唯一专业体育广播，以专业体育资讯为主，休闲为辅的电台，为您带来最及时、最权威、最具休闲特色的广播节目。",http://pic.qtfm.cn/sso/198/1572602808032_aLDLW2SXN.jpeg,辽宁,大连市,体育台,,2026/7/6 15:00
1086,大连都市广播,叠加精彩 制造乐趣 捕捉热爱 991FUN广播 无处不范儿,http://pic.qtfm.cn/2024/1211/20241211043454.png,辽宁,大连市,都市台,,2026/7/6 15:00
1089,大连新闻广播,新闻创客，公益声场——FM103.3大连新闻广播，大连主频率，声音梦工场。同步我们的城市，直达您的耳边……,http://pic.qtfm.cn/2024/1216/20241216100713.jpeg,辽宁,大连市,资讯台,,2026/7/6 15:00
1090,丹东综合广播,您正在收听的是FM103.6 丹东综合广播,http://pic.qtfm.cn/2012/0814/20120814015602205.jpg,辽宁,丹东市,资讯台,,2026/7/6 15:00
1091,丹东交通广播,1945年9月，中国共产党领导的东北民主联军解放安东市。10月下旬，安东市长吕其恩、副市长张雪轩派白刃、冷克同志带领一班战士进驻电台，接管当时由“安东电台维持会”把持下的原“安东放送局”的设备和财产，正式成立“安东市政府电台”(后改为“安东新华广播电台”)，并公布了市政府成立人民电台的命令和干部任职名单。,http://pic.qtfm.cn/2012/0814/20120814015923282.jpg,辽宁,丹东市,交通台,,2026/7/6 15:00
1094,抚顺交通广播,"FM106.1 抚顺经济交通广播 车行天下，声动我心。
106.1 一切只为你！",http://pic.qtfm.cn/2016/0419/2016041922211751.png,辽宁,抚顺市,交通台,,2026/7/6 15:00
1099,沈阳都市广播,FM92.1都市广播是沈阳广播电视台专业系列广播频率之一，921都市广播作为辽沈地区最具广泛影响力与传播力的强势媒体之一，在广播总体人群中，市场占有率和日活听众位居辽沈广播市场前列。广泛的听众群和较高的听众忠诚度，使921都市广播的综合实力位居辽沈广播市场前列。,http://pic.qtfm.cn/2024/0516/20240516065010.png,辽宁,沈阳市,都市台,,2026/7/6 15:00
1101,沈阳交通广播FM98.6,986精益求精，全新的车上之声，节目更动感，风格更时尚，效果更清晰，覆盖更广阔，986路上好朋友。,http://pic.qtfm.cn/2015/1210/20151210093625327.jpg,辽宁,沈阳市,交通台,,2026/7/6 15:00
1102,沈阳生活广播,沈阳生活广播，前身为沈阳经济广播，1989年开播，1991年直播，是东三省第一家直播的电台。以直播传奇的姿态占尽先机、以亲民先锋的定位一呼百应。,http://pic.qtfm.cn/2023/1001/20231001080532.jpeg,辽宁,沈阳市,生活台,,2026/7/6 15:00
1103,辽宁综合广播——辽宁之声,辽宁广播电视台综合广播是辽宁省内历史最悠久、覆盖最广的广播频率，或许您还记得这些名字：陆虹、原绮、房名震、齐芳、向萤、海泉；或许您还记得第一次从广播里听到这些评书《杨家将》、《岳飞传》、《夜幕下的哈尔滨》；或许您现在就在收听《新闻大视野》、《今日黑土地》、《今天吃点啥》、《老艮抬杠》、《1029大家帮》，这就是辽宁之声，一个一直给您贴心服务的广播频率！,http://pic.qtfm.cn/2020/0405/20200405084504.jpeg,辽宁,沈阳市,综合台,,2026/7/6 15:00
1110,四川岷江音乐广播,四川岷江音乐广播FM95.5成立于1994年，是西部首家最具权威专业经典品质音乐电台，岷江音乐FM95.5品牌深入人心，坚持“选择经典，追求品质”，服务于“喜爱音乐，追求生活品质”的现代都市人群。,http://pic.qtfm.cn/2021/0304/20210304115049.jpeg,四川,成都市,音乐台,,2026/7/6 15:00
1111,四川城市之音,音乐向前，生活向上！这里是四川广播电视台城市之音FM102.6,http://pic.qtfm.cn/2018/0301/20180301060158.png,四川,成都市,音乐台,,2026/7/6 15:00
1115,四川民族频率,这里是四川民族频率。,http://pic.qtfm.cn/2019/0124/20190124025029.jpeg,四川,成都市,综合台,,2026/7/6 15:00
1121,成都经济广播,这里是成都经济广播。,http://pic.qtfm.cn/2013/channel_logo/1121.jpg,四川,成都市,经济台,7f7aed754e4b4a84bcaaff4f51a949b1,2026/7/6 15:00
1122,乐山综合广播FM102.8,"乐山广播电视台综合广播创建于1987年1月,秉承“党委政府喉舌、真诚为民服务”宗旨，作为全国广播协作体常务理事台、中国城市广播联盟理事台、九州连横副董事长台，与近100家中央、省、市级电台建立了协作关系。",http://pic.qtfm.cn/2018/0416/20180416092749.jpeg,四川,乐山市,资讯台,,2026/7/6 15:00
1133,杭州交通91.8电台,交通91.8是全国5家广告收入过亿电台之一，多次获得消费者最喜爱媒体等奖项。轻松娱乐有温度，幸福向上有激情，让你打开就关不掉。,http://pic.qtfm.cn/2014/0829/20140829044142919.png,浙江,杭州市,交通台,,2026/7/6 15:00
1134,杭州之声,聆听杭州的声音。中国最具品牌贡献力媒体广播电台50强，各项指标在全国城市新闻台中名列榜首。,http://pic.qtfm.cn/2026/0331/20260331032535.jpeg,浙江,杭州市,资讯台,,2026/7/6 15:00
1135,嘉兴交通广播,嘉兴地区唯一一家以服务公众交通出行为重点的专业广播频率，调频92.2中波657双频传输，覆盖嘉兴全市和杭州、上海、江苏、湖州等地。二十多年来“以交通为特色、以服务为品牌、以文娱为强势”，打造出小江、明辉、欣辰、王巍、木子、余宵等不少听众喜爱的知名主持人，涌现了《出行早高峰》《行风热线》《小江播报》《明辉有约》等许多听众耳熟能详的品牌节目。【嘉兴交通广播】在嘉兴的收听率和市场份额一直位居第一名。,http://pic.qtfm.cn/2016/0511/20160511132905582.png,浙江,嘉兴市,交通台,,2026/7/6 15:00
1136,嘉兴音乐广播,Just love music.,http://pic.qtfm.cn/2019/0827/20190827023015.jpeg,浙江,嘉兴市,音乐台,,2026/7/6 15:00
1138,宁波新闻综合广播,这里是宁波电台新闻广播。,http://pic.qtfm.cn/2017/0609/20170609033140.png,浙江,宁波市,资讯台,,2026/7/6 15:00
1140,宁波交通广播,宁波交通广播，是国家广电总局2001年正式批准开办的专业交通广播，是宁波市政府正式授牌的宁波市应急广播，经过二十余年的发展，已成为宁波广播乃至全省广播发展的标志。,http://pic.qtfm.cn/2026/0422/20260422021039.jpeg,浙江,宁波市,交通台,,2026/7/6 15:00
1142,宁波音乐广播私家车986,听音乐，跟我走！宁波电台音乐广播FM98.6是宁波地区第一个类型化经典流行的汽车音乐调频，呈现最炫品质音乐与最IN时尚资讯，让聆听音乐和品味经典成为宁波自驾车一族的生活方式！,http://pic.qtfm.cn/2016/0919/20160919041852.jpeg,浙江,宁波市,音乐台,,2026/7/6 15:00
1143,瑞安人民广播,这里是FM91.0瑞安人民广播。微信公众平台搜索：瑞安电台,http://pic.qtfm.cn/2014/1231/20141231090833885.jpg,浙江,温州市,综合台,,2026/7/6 15:00
1144,台州音乐广播,FM100.1台州音乐广播，活力音乐，潮流生活！,http://pic.qtfm.cn/2021/0406/20210406123718.jpeg,浙江,台州市,音乐台,,2026/7/6 15:00
1145,台州新闻综合 ,这里是台州电台新闻综合频道。,http://pic.qtfm.cn/2016/0815/20160815092443.png,浙江,台州市,资讯台,,2026/7/6 15:00
1146,台州交通广播,交通102.7，汽车电台，快乐调频。台州上空温暖的声音永远和你在一起！,http://pic.qtfm.cn/2013/channel_logo/1146.jpg,浙江,台州市,交通台,,2026/7/6 15:00
1149,1003温州音乐之声,FM1003温州音乐之声——私家车音乐广播。 类型化，爱音乐，爱RADIO。,http://pic.qtfm.cn/sso/48/1755502328935_Ny9SBPCf8.jpeg,浙江,温州市,音乐台,,2026/7/6 15:00
1152,宁波经济广播,FM102.9书香宁波阅读电台，首创全国全民阅读主题电台，以宁波经济广播为基础，打造大时段有声共读的内容体系，联动“阅读宁波”视频号平台，聚焦全民阅读推广，助力“我陪孩子读经典”全民阅读城市文化品牌建设，城市有温度，生活有书香！,http://pic.qtfm.cn/2026/0422/20260422021123.jpeg,浙江,宁波市,经济台,,2026/7/6 15:00
1153,1008可乐台,1008可乐台——最可乐汽车电台，节目有效覆盖宁波大市及慈溪、余姚等周边县市区，全天24小时不间断播音，通过不断积累发展，已经成为宁波广大私家车主出行路上得力的好伙伴。广告合作请联系：0574-26871008,http://pic.qtfm.cn/2016/0217/20160217104038691.png,浙江,宁波市,综合台,f98f79f8253a18656d69c6988e39dc3b,2026/7/6 15:00
1154,嘉兴综合广播,这里是嘉兴综合广播。嘉兴广播主频率，主要栏目有《嘉广早新闻》、《生活大爆炸》、《新闻今日谈》、《1041双响炮》等....,http://pic.qtfm.cn/sso/198/1610074180745_jNazsOAR9.jpeg,浙江,嘉兴市,资讯台,,2026/7/6 15:00
1155,温州新闻广播,温州之声 WZFM，温州广播主频率！全天24小时播音，为听众提供资讯和广播服务。,http://pic.qtfm.cn/sso/48/1755502130376_0E-E9kcn1.jpeg,浙江,温州市,资讯台,,2026/7/6 15:00
1156,温州交通广播,FM103.9温州交通广播以交通资讯为主线，以交通汽车专题为骨架，以音乐娱乐节目为底色，以交通服务为亮点，为广大交通参与者提供全方位服务。,http://pic.qtfm.cn/sso/48/1755502236317_FelPaWiEW.jpeg,浙江,温州市,交通台,,2026/7/6 15:00
1157,温州经济广播,温州经济生活广播，立足经济，服务生活。投资理财、房产家居、健康导医、餐饮娱乐、消费维权等为您提供最贴心周到的服务。,http://pic.qtfm.cn/sso/48/1755502167156_iZbQW2dYk.jpeg,浙江,温州市,经济台,c91c86068bb4e5a7a411e8276cf8d423,2026/7/6 15:00
1158,FM93.8,FM93.8传递快乐与健康！,http://pic.qtfm.cn/2018/0324/20180324042947.jpeg,浙江,温州市,综合台,,2026/7/6 15:00
1160,FM998 舟山新闻综合广播,这里是舟山新闻综合广播。,http://pic.qtfm.cn/2023/0905/20230905081127.jpeg,浙江,舟山市,资讯台,,2026/7/6 15:00
1161,FM97 舟山交通音乐广播,"FM97.0舟山交通音乐广播（舟山应急广播）
车友之家！",http://pic.qtfm.cn/2020/0411/20200411114604.png,浙江,舟山市,交通台,45363abe3ea37a7e441f77fdd8986c36,2026/7/6 15:00
1163,西湖之声,汽车电台FM105.4西湖之声，全国第一家以娱乐定位的电台！有品位的主持人打造有品质的节目，品牌电台，都市人收听首选。,http://pic.qtfm.cn/2020/0405/20200405112241.jpeg,浙江,杭州市,综合台,40c5cfb8c3fdaeb437b2ebdcff521b5c,2026/7/6 15:00
1185,FM1026太原音乐广播,品味生活，多彩音乐，FM102.6太原音乐广播。,http://pic.qtfm.cn/2024/0806/20240806043234.jpeg,山西,太原市,音乐台,,2026/7/6 15:00
1186,山西农村广播,FM100.9 农情100 点就都市田园风,http://pic.qtfm.cn/2018/0214/20180214113747.jpeg,山西,太原市,文艺台,,2026/7/6 15:00
1188,晋城新闻综合广播FM1072,这里是FM107.2晋城综合广播。,http://pic.qtfm.cn/2020/0324/20200324033903.jpeg,山西,晋城市,资讯台,,2026/7/6 15:00
1189,晋城交通广播,一路相伴，随时有我，在晋城开车就听935晋城交通广播，热线2060191，2060192,http://pic.qtfm.cn/2015/0615/20150615164801261.jpg,山西,晋城市,交通台,,2026/7/6 15:00
1190,运城综合广播,运城人民广播电台1042新闻综合广播是一套围绕中心，服务民生，全天进行互动直播的官方新闻广播频率。信号覆盖运城十三县（市、区）及周边山西、河南、陕西等省地市，同时实现网络在线收听，受众覆盖海内外。是运城市委市政府的宣传主阵地，是黄河金三角区域有影响力的主流媒体。,http://pic.qtfm.cn/2022/0722/20220722093154.jpeg,山西,运城市,资讯台,,2026/7/6 15:00
1191,运城文艺广播,这里是运城交通文艺频道。听我，您的事就是我的事。做对您有用的广播节目。,http://pic.qtfm.cn/2022/0722/20220722092852.jpeg,山西,运城市,交通台,,2026/7/6 15:00
1211,郑州交通广播,郑州交通广播，以交通、汽车信息为框架。将权威的路况、汽车资讯及时传达给听众，同时辅以生活资讯和流行音乐，最大程度满足移动人群的收听需求。,http://pic.qtfm.cn/2020/0405/20200405021046.jpeg,河南,郑州市,交通台,,2026/7/6 15:00
1212,南阳交通广播,南阳电台交通广播定位于南阳广播家族中的“交通都市频率”，以其鲜明的“时尚性、贴近性、服务性、即时性”，形成了独特的节目风格。,http://pic.qtfm.cn/2023/0302/20230302125220.jpeg,河南,南阳市,交通台,,2026/7/6 15:00
1213,1042南阳新闻广播,关注民生，情系百姓。大事，听新闻广播，有事，找新闻广播。1042南阳新闻广播，最权威的发布，最贴近的新闻，最温暖的声音——这里，听见南阳！全天24小时不间断激情发声！1042，一路是爱，时刻与您同行！,http://pic.qtfm.cn/2017/1110/20171110060558.jpeg,河南,南阳市,资讯台,,2026/7/6 15:00
1214,开封交通旅游广播,（FM101.4)开封交通旅游广播成立于2007年，信号覆盖开封地区及周边多地市，发射半径约100公里，是开封有车一族出行好伙伴，开封车载第一媒体。开封交通旅游广播旗下拥有近12万粉丝的“开封交通广播”微信公众号，官方抖音号“开封交通广播”，真正成为集广播、电视、新媒体于一身的全媒体平台。,http://pic.qtfm.cn/2022/0630/20220630054859.jpeg,河南,开封市,交通台,,2026/7/6 15:00
1220,郑州新闻广播,中原地区最具影响力的新闻电台。索福睿调查数据显示，综合市场占有率位居郑州第一位。以热线谈话为主要特色，代表节目有《今夜不寂寞》、《百姓热线》、《城市热线》、《新闻有话说》等。旗下主持人张明、岳翔、马如潇、浩峰深受听众喜爱。,http://pic.qtfm.cn/2020/0405/20200405083235.png,河南,郑州市,资讯台,,2026/7/6 15:00
1221,郑州经济广播,这里是郑州人民广播电台931经济生活广播。,http://pic.qtfm.cn/2015/0403/2015040314494225.jpg,河南,郑州市,经济台,,2026/7/6 15:00
1222,FM91.8郑州私家车广播,"精彩频道 拼到精彩！
郑州私家车广播得核心概念：打开广播听世界
频率定位主流、高端，三十岁到四十五岁的车上人群。
爱与责任的波段，温暖城市的声音，是我们的呼号。内容服务化、主题多样化是我们的节目特色，我们提供国内外资讯、精致娱乐节目、汽车专业化节目、民生服务和互动沟通等丰富多样的节目内容。",http://pic.qtfm.cn/2016/0322/20160322180737316.png,河南,郑州市,文艺台,,2026/7/6 15:00
1223,怀旧好声音,郑州音乐广播怀旧好声音是郑州上空一家针对60、70后的类型化音乐调频。全天24小时播音，全面覆盖郑州市区，辐射周边地市。,http://pic.qtfm.cn/2022/0905/20220905030909.jpeg,河南,郑州市,音乐台,a09da06fe96b56c7423367bda27fbda2,2026/7/6 15:00
1225,洛阳综合广播,FM88.1洛阳综合广播是洛阳广播电视台广播主频率，服务市委、市政府中心工作，关注城市发展，服务百姓生活，锁定高端移动人群，为洛阳市民提供权威新闻资讯，满足市民丰富的文化需求。开办有《洛阳新闻》、《行风热线》、《881整点新闻》、《私家车行天下》、《私家车乐生活》等知名品牌栏目，拥有一大批深受市民群众喜爱的名主持人，洛阳地区收听率名列前茅。FM88.1，陪你听洛阳。,http://pic.qtfm.cn/2019/1114/20191114040729.jpeg,河南,洛阳市,资讯台,,2026/7/6 15:00
1226,洛阳音乐广播,FM106.5洛阳音乐广播，青春听我的！,http://pic.qtfm.cn/2022/0217/20220217121421.jpeg,河南,洛阳市,经济台,e40ecc160462c13195e0b8a8d339036b,2026/7/6 15:00
1227,洛阳交通广播,这里是洛阳交通广播。,http://pic.qtfm.cn/2012/0712/20120712100438693.jpg,河南,洛阳市,交通台,,2026/7/6 15:00
1228,991新乡综合广播,关注民生，服务百姓。幸福991，生活心方向。,http://pic.qtfm.cn/sso/198/1624939185271_YdwHoSGJ6.png,河南,新乡市,综合台,,2026/7/6 15:00
1229,1077新乡交通广播,FM107.7新乡交通广播  城市至高点 为新乡发声。FM107.7，权威路况发布 专注快乐出行。,http://pic.qtfm.cn/2021/0526/20210526102723.png,河南,新乡市,交通台,,2026/7/6 15:00
1233,濮阳交通广播,在濮阳开车就听濮阳交通广播,http://pic.qtfm.cn/2020/1010/20201010124730.png,河南,濮阳市,交通台,,2026/7/6 15:00
1254,广东新闻广播,广东最有影响力的广播媒体之一，以其鲜明的时政新闻特色被誉为“南中国天空中最有力量的声音”。,http://pic.qtfm.cn/2021/0919/20210919103138.jpeg,广东,广州市,资讯台,,2026/7/6 15:00
1257,梅州广播电视台综合广播,这里是梅州广播电视台综合广播。,http://pic.qtfm.cn/2022/1016/20221016105318.jpeg,广东,梅州市,资讯台,,2026/7/6 15:00
1258,梅州电台交通广播,FM105.8梅州交通广播是梅州首家交通服务专业广播电台，2011年开播，每天6:15~24:00播出，覆盖梅州城区及周边主要交通道路，提供交通信息服务，收听率和市场份额多年均在梅州排名第一。,http://pic.qtfm.cn/2024/0821/20240821111520.jpeg,广东,梅州市,交通台,,2026/7/6 15:00
1259,广东珠江经济电台,"珠江经济广播电台，FM97.4，官网e974.com, 成立于1986年，中国第一家经济广播电台，华南地区最大型综合广播电台，最有价值的声音。",http://pic.qtfm.cn/2015/0209/20150209212831195.jpg,广东,广州市,经济台,,2026/7/6 15:00
1260,广东音乐之声,广东电台音乐之声是一个高品味、全方位的专业音乐电台，其节目在突出欣赏性、娱乐性的同时，兼具新闻、体育、社会生活等各类资讯。,http://pic.qtfm.cn/sso/198/1564454286057_EAoJdKLRT.jpeg,广东,广州市,音乐台,,2026/7/6 15:00
1262,广东交通之声,羊城交通台全心打造中国交通广播的“金字招牌”，目前已发展为华南地区影响力最大的交通专业频道，取得了良好的社会效益和经济效益。,http://pic.qtfm.cn/2025/0311/20250311045956.png,广东,广州市,交通台,,2026/7/6 15:00
1263,花都广播电台,一路相伴，快乐同行，这里是花都区融媒体中心，这里是FM100.5花都电台。,http://pic.qtfm.cn/2020/0929/20200929113150.jpeg,广东,广州市,综合台,,2026/7/6 15:00
1270,深圳先锋898,先锋898，以“新闻先锋、财经先锋、体育先锋、生活先锋”为立台宗旨，全天24小时新闻构架，凸显“深圳声音”和“深圳速度”。双周二下午13:30-17:30停机检修,http://pic.qtfm.cn/sso/198/1572602894027_Jv8W5VjLR.jpeg,广东,深圳市,资讯台,,2026/7/6 15:00
1271,深圳飞扬971,听我们，听深圳→...,http://pic.qtfm.cn/2014/0330/20140330113445384.jpg,广东,深圳市,音乐台,,2026/7/6 15:00
1272,深圳交通频率,这里是深圳交通频率。,http://pic.qtfm.cn/2015/1207/20151207195702947.jpg,广东,深圳市,交通台,,2026/7/6 15:00
1273,深圳生活广播,生活942，生活就是爱。,http://pic.qtfm.cn/2018/0201/20180201045806.jpeg,广东,深圳市,生活台,,2026/7/6 15:00
1274,珠海电台先锋951,"这里是珠海新闻资讯广播，微信公众号：听珠海
小编微信：danlan951",http://pic.qtfm.cn/2022/0815/20220815031908.png,广东,珠海市,资讯台,5572008f28539de9d7ce58de35f2d020,2026/7/6 15:00
1275,珠海电台交通875,这里是珠海环保经济广播交通875。,http://pic.qtfm.cn/2022/1229/20221229110525.jpeg,广东,珠海市,交通台,2bed662ee4c38f10f03d67fed80e6f8f,2026/7/6 15:00
1277,中山电台新锐967,“天下资讯，百姓民生”，新锐967是以新闻、资讯为主打，致力于打造亲民、便民、帮民的新闻资讯频率。,http://pic.qtfm.cn/2020/0417/20200417071307.png,广东,中山市,综合台,,2026/7/6 15:00
1278,中山电台快乐888,有我，更快乐！,http://pic.qtfm.cn/2017/0811/20170811095134.jpeg,广东,中山市,综合台,,2026/7/6 15:00
1282,江门人民广播电台综合广播,这里是江门人民广播电台综合广播。,http://pic.qtfm.cn/2011/0902/20110902063048724.jpg,广东,江门市,资讯台,,2026/7/6 15:00
1283,江门旅游之声,江门市广播电视台FM93.3MHz旅游之声全天立体播报交通信息，主打音乐、生活资讯。,http://pic.qtfm.cn/2013/channel_logo/1283.jpg,广东,江门市,音乐台,,2026/7/6 15:00
1284,遂溪人民广播电台,遂溪人民广播电台，全天播音18小时40分，节目设有9大版块、20多个小栏目。经过二十多年的努力，现已发展成为粤西地区颇具影响力的电台，深受广大听众的喜爱，具有较高的收听率。,http://pic.qtfm.cn/2019/0807/20190807055844.png,广东,湛江市,综合台,36e27a964ac2a8767c919979dd3592f7,2026/7/6 15:00
1286,鹤山电台,,http://pic.qtfm.cn/2015/0323/20150323103813782.jpg,广东,江门市,综合台,25175c3bdb0a5db4dc5ebb751eff1f83,2026/7/6 15:00
1291,楚天交通广播,打开收音机，最爱927！全国前三的交通电台,http://pic.qtfm.cn/2013/channel_logo/1291.jpg,湖北,武汉市,交通台,,2026/7/6 15:00
1295,湖北经济广播,湖北电台经济频道节目特色鲜明，以“关注经济，服务生活”为宗旨，深受广大听众喜爱。投资不代表投机，等待也能积蓄锋芒 聆听不代表沉默，思考也是一种力量 武汉调频99.8 湖北经济广播 ——资讯创造价值，精彩与您共享。,http://pic.qtfm.cn/2015/0112/20150112153655847.png,湖北,武汉市,经济台,,2026/7/6 15:00
1296,湖北经典音乐广播,"2019年7月1日 FM103.8，我们的节目全新改版升级。三位制作人，12位大主播带你听经典，话流行。精彩不断，经典继续。
流动的光阴，岁月的声音感谢一直支持103.8的你们，不管相识或不相识，愿在未来前行的路上，你们能继续关注、支持。
因为有你，我们会继续努力向前奔跑！",http://pic.qtfm.cn/2018/0316/20180316022139.jpeg,湖北,武汉市,音乐台,c52617f0ee555b44e8ece4d3cd67de9a,2026/7/6 15:00
1297,武汉经典音乐广播,"岁月悠长，听见好时光，经典1018，武汉音乐广播。
武汉音乐广播FM101.8是武汉地区第一家纯型类型化、全经典音乐广播，收听率和市场占有率一直位居本地区同类型音乐广播之首。",http://pic.qtfm.cn/2017/0501/20170501063612.jpeg,湖北,武汉市,音乐台,,2026/7/6 15:00
1301,黄冈新闻综合广播,黄冈广播电视台新闻综合广播(FM107.6MH)，主打新闻、交通、音乐、汽车、生活类广播栏目。在第一时间呈上最新资讯，让您边走边听。,http://pic.qtfm.cn/2015/1208/20151208122815541.jpg,湖北,黄冈市,交通台,,2026/7/6 15:00
1303,湖北之声,湖北之声，湖北广播主频率，AM774、1404、FM104.6，全国最具实力省级新闻广播。直播湖北，评说天下。传递思想的力量。,http://pic.qtfm.cn/sso/198/1631607042423_APvC7PZWG.jpeg,湖北,武汉市,资讯台,,2026/7/6 15:00
1307,襄阳之声,新闻104 襄阳之声！襄阳广播电视台 襄阳之声（FM104   AM1098） 新闻热线：3520000。新浪微博：FM104襄阳之声；微信：襄阳之声。,http://pic.qtfm.cn/2018/1008/20181008085254.png,湖北,襄樊市,资讯台,,2026/7/6 15:00
1308,襄阳交通音乐广播,襄阳交通音乐广播面向60万驾驶员和广大听众，以服务交通参与者为已任，全方位多视角关注城市交通，传递交通信息，架起了交通从业者相互沟通的桥梁。,http://pic.qtfm.cn/sso/198/1617351277703_d5H0ioSOL.jpeg,湖北,襄樊市,交通台,,2026/7/6 15:00
1312,荆州广播电视台90.1汽车广播,"风行天下,品质生活。荆州人民广播电台901汽车电台于09年1月5日正式开播,全天播出18小时,节目动感跳跃,时尚轻松,播出 频率为调频90.1兆赫,可清晰覆盖荆州全境,收听效果好,是为有车一族及行驶在路上的您量身订造的专属电台。",http://pic.qtfm.cn/2013/channel_logo/1312.jpg,湖北,荆州市,交通台,,2026/7/6 15:00
